{
  "cartoes": {
    "cards": [
      {
        "id": 1,
          "tipo": "SX Master",
          "limite": 2800
      },
      {
        "id": 2,
        "tipo": "Santander 123",
        "limite": 4500
      },
      {
        "id": 3,
        "tipo": "SX Unique",
        "limite": 19500
      }
    ],
    "carnes": [
      {
        "id": 1,
        "tipo": "Maminha"
      },
      {
        "id": 2,
        "tipo": "Alcatra"
      },
      {
        "id": 3,
        "tipo": "Picanha"
      },
      {
        "id": 4,
        "tipo": "Veggie burger"
      }
    ],
    "opcionais": [
      {
        "id": 1,
        "tipo": "Bacon"
      },
      {
        "id": 2,
        "tipo": "Cheddar"
      },
      {
        "id": 3,
        "tipo": "Salame"
      },
      {
        "id": 4,
        "tipo": "Tomate"
      },
      {
        "id": 4,
        "tipo": "Cebola roxa"
      },
      {
        "id": 4,
        "tipo": "Pepino"
      }
    ]
  },
  "status": [
    {
      "id": 1,
      "tipo": "Solicitado"
    },
    {
      "id": 2,
      "tipo": "Em produção"
    },
    {
      "id": 3,
      "tipo": "Finalizado"
    }
  ],
  "burgers": [
    {
      "nome": "Matheus Battisti",
      "carne": "Picanha",
      "pao": "Italiano Branco",
      "opcionais": [
        "Bacon",
        "Salame",
        "Cebola roxa"
      ],
      "status": "Finalizado",
      "id": 1
    },
    {
      "nome": "João Coelho",
      "carne": "Maminha",
      "pao": "3 Queijos",
      "opcionais": [
        "Salame",
        "Cebola roxa"
      ],
      "status": "Solicitado",
      "id": 4
    }
  ]
}